ERR1802031,RNA-Seq,202,3124182500,PRJEB19093,SAMEA52738168,ArrayExpress,2074015951,Jan Strauss,public,"fastq,run.zq,sra","gs,ncbi,s3","gs.us-east1,ncbi.public,s3.us-east-1",2020-12-31,2020-12-31,2018-11-16,2017-01-19,ERX1865577,SAMEA52738168,blue light,European Molecular Biology Laboratory (Hamburg Outstation),European Molecular Biology Laboratory (Hamburg Outstation),2020-12-31T11:14:01Z,2017-01-19T16:57:14Z,public,Illumina HiSeq 2000,Sample1_BLUE1: JS-II-124 Fc1 1-5_p,PAIRED,RT-PCR,TRANSCRIPTOMIC,Fragilariopsis cylindrus,ILLUMINA,2021-01-07T00:00:00Z,2021-01-10T21:18:00Z,1,SAMEA52738168,E-MTAB-5429:Sample1_BLUE1: JS-II-124 Fc1 1-5,ERP021083,CCMP1102,E-MTAB-5429:Sample1_BLUE1: JS-II-124 Fc1 1-5,growth condition,,,
ERR1802032,RNA-Seq,202,3642973242,PRJEB19093,SAMEA52739668,ArrayExpress,2420222345,Jan Strauss,public,"fastq,run.zq,sra","gs,ncbi,s3","gs.us-east1,ncbi.public,s3.us-east-1",2020-12-31,2020-12-31,2018-11-16,2017-01-19,ERX1865578,SAMEA52739668,blue light,European Molecular Biology Laboratory (Hamburg Outstation),European Molecular Biology Laboratory (Hamburg Outstation),2020-12-31T11:14:01Z,2017-01-19T16:57:14Z,public,Illumina HiSeq 2000,Sample2_BLUE2: JS-II-124 Fc2 2-5_p,PAIRED,RT-PCR,TRANSCRIPTOMIC,Fragilariopsis cylindrus,ILLUMINA,2021-01-07T00:00:00Z,2021-01-10T21:18:00Z,1,SAMEA52739668,E-MTAB-5429:Sample2_BLUE2: JS-II-124 Fc2 2-5,ERP021083,CCMP1102,E-MTAB-5429:Sample2_BLUE2: JS-II-124 Fc2 2-5,growth condition,,,
ERR1802033,RNA-Seq,202,3488820578,PRJEB19093,SAMEA52741168,ArrayExpress,2316391630,Jan Strauss,public,"run.zq,sra,fastq","gs,ncbi,s3","gs.us-east1,ncbi.public,s3.us-east-1",2020-12-31,2020-12-31,2018-11-16,2017-01-19,ERX1865579,SAMEA52741168,blue light,European Molecular Biology Laboratory (Hamburg Outstation),European Molecular Biology Laboratory (Hamburg Outstation),2020-12-31T11:14:01Z,2017-01-19T16:57:14Z,public,Illumina HiSeq 2000,Sample3_BLUE3: JS-II-124 Fc2 3-5_p,PAIRED,RT-PCR,TRANSCRIPTOMIC,Fragilariopsis cylindrus,ILLUMINA,2021-01-07T00:00:00Z,2021-01-10T21:19:00Z,1,SAMEA52741168,E-MTAB-5429:Sample3_BLUE3: JS-II-124 Fc2 3-5,ERP021083,CCMP1102,E-MTAB-5429:Sample3_BLUE3: JS-II-124 Fc2 3-5,growth condition,,,
ERR1802034,RNA-Seq,202,2687069852,PRJEB19093,SAMEA52742668,ArrayExpress,1788884420,Jan Strauss,public,"fastq,run.zq,sra","gs,ncbi,s3","gs.us-east1,ncbi.public,s3.us-east-1",2020-12-31,2020-12-31,2018-11-16,2017-01-19,ERX1865580,SAMEA52742668,red light,European Molecular Biology Laboratory (Hamburg Outstation),European Molecular Biology Laboratory (Hamburg Outstation),2020-12-31T11:14:01Z,2017-01-19T16:57:14Z,public,Illumina HiSeq 2000,Sample1_RED1: JS-II-122 Fc1 1-1_p,PAIRED,RT-PCR,TRANSCRIPTOMIC,Fragilariopsis cylindrus,ILLUMINA,2021-01-07T00:00:00Z,2021-01-10T21:17:00Z,1,SAMEA52742668,E-MTAB-5429:Sample1_RED1: JS-II-122 Fc1 1-1,ERP021083,CCMP1102,E-MTAB-5429:Sample1_RED1: JS-II-122 Fc1 1-1,,,growth condition,
ERR1802035,RNA-Seq,202,2984214074,PRJEB19093,SAMEA52744168,ArrayExpress,1983075451,Jan Strauss,public,"fastq,run.zq,sra","gs,ncbi,s3","gs.us-east1,ncbi.public,s3.us-east-1",2020-12-31,2020-12-31,2022-01-08,2017-01-19,ERX1865581,SAMEA52744168,red light,European Molecular Biology Laboratory (Hamburg Outstation),European Molecular Biology Laboratory (Hamburg Outstation),2020-12-31T11:14:01Z,2017-01-19T16:57:14Z,public,Illumina HiSeq 2000,Sample2_RED2: JS-II-122 Fc2 2-1_p,PAIRED,RT-PCR,TRANSCRIPTOMIC,Fragilariopsis cylindrus,ILLUMINA,2021-01-07T00:00:00Z,2022-05-23T08:11:00Z,1,SAMEA52744168,E-MTAB-5429:Sample2_RED2: JS-II-122 Fc2 2-1,ERP021083,CCMP1102,E-MTAB-5429:Sample2_RED2: JS-II-122 Fc2 2-1,,,growth condition,
ERR1802036,RNA-Seq,202,3054790046,PRJEB19093,SAMEA52746418,ArrayExpress,2027042215,Jan Strauss,public,"fastq,run.zq,sra","gs,ncbi,s3","gs.us-east1,ncbi.public,s3.us-east-1",2020-12-31,2020-12-31,2022-01-08,2017-01-19,ERX1865582,SAMEA52746418,red light,European Molecular Biology Laboratory (Hamburg Outstation),European Molecular Biology Laboratory (Hamburg Outstation),2020-12-31T11:14:01Z,2017-01-19T16:57:14Z,public,Illumina HiSeq 2000,Sample3_RED3: JS-II-122 Fc3 3-1_p,PAIRED,RT-PCR,TRANSCRIPTOMIC,Fragilariopsis cylindrus,ILLUMINA,2021-01-07T00:00:00Z,2022-05-23T07:50:00Z,1,SAMEA52746418,E-MTAB-5429:Sample3_RED3: JS-II-122 Fc3 3-1,ERP021083,CCMP1102,E-MTAB-5429:Sample3_RED3: JS-II-122 Fc3 3-1,,,growth condition,
ERR1802037,RNA-Seq,202,3081442532,PRJEB19093,SAMEA52747918,ArrayExpress,2060017351,Jan Strauss,public,"fastq,run.zq,sra","gs,ncbi,s3","gs.us-east1,ncbi.public,s3.us-east-1",2020-12-31,2020-12-31,2018-11-16,2017-01-19,ERX1865583,SAMEA52747918,silicate limitation,European Molecular Biology Laboratory (Hamburg Outstation),European Molecular Biology Laboratory (Hamburg Outstation),2020-12-31T11:14:01Z,2017-01-19T16:57:14Z,public,Illumina HiSeq 2000,Sample1_Si1: JS-II-109 Fc1 1-1_p,PAIRED,RT-PCR,TRANSCRIPTOMIC,Fragilariopsis cylindrus,ILLUMINA,2021-01-07T00:00:00Z,2021-01-10T21:17:00Z,1,SAMEA52747918,E-MTAB-5429:Sample1_Si1: JS-II-109 Fc1 1-1,ERP021083,CCMP1102,E-MTAB-5429:Sample1_Si1: JS-II-109 Fc1 1-1,,,,growth condition
ERR1802038,RNA-Seq,202,3178181140,PRJEB19093,SAMEA52749418,ArrayExpress,2125077447,Jan Strauss,public,"fastq,run.zq,sra","gs,ncbi,s3","gs.us-east1,ncbi.public,s3.us-east-1",2020-12-31,2020-12-31,2022-01-08,2017-01-19,ERX1865584,SAMEA52749418,silicate limitation,European Molecular Biology Laboratory (Hamburg Outstation),European Molecular Biology Laboratory (Hamburg Outstation),2020-12-31T11:14:01Z,2017-01-19T16:57:14Z,public,Illumina HiSeq 2000,Sample2_Si2: JS-II-109 Fc2 2-1_p,PAIRED,RT-PCR,TRANSCRIPTOMIC,Fragilariopsis cylindrus,ILLUMINA,2021-01-07T00:00:00Z,2021-01-10T21:22:00Z,1,SAMEA52749418,E-MTAB-5429:Sample2_Si2: JS-II-109 Fc2 2-1,ERP021083,CCMP1102,E-MTAB-5429:Sample2_Si2: JS-II-109 Fc2 2-1,,,,growth condition
ERR1802039,RNA-Seq,202,3441099088,PRJEB19093,SAMEA52750918,ArrayExpress,2281924902,Jan Strauss,public,"fastq,run.zq,sra","gs,ncbi,s3","gs.us-east1,ncbi.public,s3.us-east-1",2020-12-31,2020-12-31,2022-01-08,2017-01-19,ERX1865585,SAMEA52750918,silicate limitation,European Molecular Biology Laboratory (Hamburg Outstation),European Molecular Biology Laboratory (Hamburg Outstation),2020-12-31T11:14:01Z,2017-01-19T16:57:14Z,public,Illumina HiSeq 2000,Sample3_Si3: JS-II-109 Fc3 3-1_p,PAIRED,RT-PCR,TRANSCRIPTOMIC,Fragilariopsis cylindrus,ILLUMINA,2021-01-07T00:00:00Z,2022-05-23T07:53:00Z,1,SAMEA52750918,E-MTAB-5429:Sample3_Si3: JS-II-109 Fc3 3-1,ERP021083,CCMP1102,E-MTAB-5429:Sample3_Si3: JS-II-109 Fc3 3-1,,,,growth condition
ERR1802040,RNA-Seq,202,501231892,PRJEB19093,SAMEA4379780,ArrayExpress,367743612,Jan Strauss,public,"fastq,run.zq,sra","gs,ncbi,s3","gs.us-east1,ncbi.public,s3.us-east-1",2020-12-31,2016-12-17,2022-01-08,2016-08-15,ERX1865586,SAMEA4379780,optimal growth,European Molecular Biology Laboratory (Hamburg Outstation),European Molecular Biology Laboratory (Hamburg Outstation),2016-12-17T17:01:36Z,2016-08-15T16:49:14Z,public,Illumina HiSeq 2000,Sample1_CTRL1: JS-II-120 Fcyl I 1-1 (ctrl 1)_p,PAIRED,RT-PCR,TRANSCRIPTOMIC,Fragilariopsis cylindrus,ILLUMINA,2021-01-07T00:00:00Z,2021-10-20T02:22:00Z,1,SAMEA4379780,E-MTAB-5024:Sample1_CTRL1: JS-II-120 Fcyl I 1-1 (ctrl 1),ERP021083,CCMP1102,E-MTAB-5024:Sample1_CTRL1: JS-II-120 Fcyl I 1-1 (ctrl 1),,growth condition,,
ERR1802041,RNA-Seq,202,689479530,PRJEB19093,SAMEA4379781,ArrayExpress,504364838,Jan Strauss,public,"fastq,run.zq,sra","gs,ncbi,s3","gs.us-east1,ncbi.public,s3.us-east-1",2020-12-31,2016-12-17,2022-01-08,2016-08-15,ERX1865587,SAMEA4379781,optimal growth,European Molecular Biology Laboratory (Hamburg Outstation),European Molecular Biology Laboratory (Hamburg Outstation),2016-12-17T17:01:36Z,2016-08-15T16:49:14Z,public,Illumina HiSeq 2000,Sample2_CTRL2: JS-II-120 Fcyl II 2-1 (ctrl 2)_p,PAIRED,RT-PCR,TRANSCRIPTOMIC,Fragilariopsis cylindrus,ILLUMINA,2021-01-07T00:00:00Z,2021-10-20T02:22:00Z,1,SAMEA4379781,E-MTAB-5024:Sample2_CTRL2: JS-II-120 Fcyl II 2-1 (ctrl 2),ERP021083,CCMP1102,E-MTAB-5024:Sample2_CTRL2: JS-II-120 Fcyl II 2-1 (ctrl 2),,growth condition,,
ERR1802042,RNA-Seq,202,599884450,PRJEB19093,SAMEA4379782,ArrayExpress,439563132,Jan Strauss,public,"fastq,run.zq,sra","gs,ncbi,s3","gs.us-east1,ncbi.public,s3.us-east-1",2020-12-31,2016-12-17,2018-11-16,2016-08-15,ERX1865588,SAMEA4379782,optimal growth,European Molecular Biology Laboratory (Hamburg Outstation),European Molecular Biology Laboratory (Hamburg Outstation),2016-12-17T17:01:36Z,2016-08-15T16:49:14Z,public,Illumina HiSeq 2000,Sample3_CTRL3: JS-II-120 Fcyl III 3-1 (ctrl 3)_p,PAIRED,RT-PCR,TRANSCRIPTOMIC,Fragilariopsis cylindrus,ILLUMINA,2021-01-07T00:00:00Z,2021-01-10T21:09:00Z,1,SAMEA4379782,E-MTAB-5024:Sample3_CTRL3: JS-II-120 Fcyl III 3-1 (ctrl 3),ERP021083,CCMP1102,E-MTAB-5024:Sample3_CTRL3: JS-II-120 Fcyl III 3-1 (ctrl 3),,growth condition,,
ERR2178838,RNA-Seq,100,1948257400,PRJEB23123,SAMEA104356458,ArrayExpress,1320974442,Shazia N. Aslam,public,"fastq,run.zq,sra","ena,gs,ncbi,s3","ena,gs.us-east1,ncbi.public,s3.us-east-1",2018-01-18,2017-12-29,2018-11-16,2017-10-20,ERX2235149,sea ice phase I (0C and salinity 34),SAMEA104356458,sea ice phase I (0C and salinity 34),European Molecular Biology Laboratory (EMBL) Hamburg,European Molecular Biology Laboratory (EMBL) Hamburg,2017-12-29T17:01:51Z,2017-10-20T09:11:23Z,public,Illumina HiSeq 2000,Sample01_34A14C_LIB1308_p,PAIRED,RT-PCR,TRANSCRIPTOMIC,Fragilariopsis cylindrus,ILLUMINA,2018-01-26T00:00:00Z,2021-10-17T07:54:00Z,2,SAMEA104356458,E-MTAB-5153_2:Sample01_34A14C_LIB1308,ERP104856,CCMP1102,E-MTAB-5153_2:Sample01_34A14C_LIB1308
ERR2178839,RNA-Seq,100,1844314700,PRJEB23123,SAMEA104356459,ArrayExpress,1250171785,Shazia N. Aslam,public,"fastq,run.zq,sra","ena,gs,ncbi,s3","ena,gs.us-east1,ncbi.public,s3.us-east-1",2018-01-18,2017-12-29,2018-11-16,2017-10-20,ERX2235150,sea ice phase I (0C and salinity 34),SAMEA104356459,sea ice phase I (0C and salinity 34),European Molecular Biology Laboratory (EMBL) Hamburg,European Molecular Biology Laboratory (EMBL) Hamburg,2017-12-29T17:01:51Z,2017-10-20T09:11:23Z,public,Illumina HiSeq 2000,Sample02_34B14C_LIB1309_p,PAIRED,RT-PCR,TRANSCRIPTOMIC,Fragilariopsis cylindrus,ILLUMINA,2018-01-26T00:00:00Z,2022-07-21T22:26:00Z,2,SAMEA104356459,E-MTAB-5153_2:Sample02_34B14C_LIB1309,ERP104856,CCMP1102,E-MTAB-5153_2:Sample02_34B14C_LIB1309
ERR2178840,RNA-Seq,100,1668979600,PRJEB23123,SAMEA104356460,ArrayExpress,1134616866,Shazia N. Aslam,public,"fastq,run.zq,sra","ena,gs,ncbi,s3","ena,gs.us-east1,ncbi.public,s3.us-east-1",2018-01-18,2017-12-29,2018-11-16,2017-10-20,ERX2235151,sea ice phase I (0C and salinity 34),SAMEA104356460,sea ice phase I (0C and salinity 34),European Molecular Biology Laboratory (EMBL) Hamburg,European Molecular Biology Laboratory (EMBL) Hamburg,2017-12-29T17:01:51Z,2017-10-20T09:11:23Z,public,Illumina HiSeq 2000,Sample03_34C14C_LIB1310_p,PAIRED,RT-PCR,TRANSCRIPTOMIC,Fragilariopsis cylindrus,ILLUMINA,2018-01-26T00:00:00Z,2021-10-17T07:53:00Z,2,SAMEA104356460,E-MTAB-5153_2:Sample03_34C14C_LIB1310,ERP104856,CCMP1102,E-MTAB-5153_2:Sample03_34C14C_LIB1310
ERR2178841,RNA-Seq,100,1872582500,PRJEB23123,SAMEA104356461,ArrayExpress,1276145762,Shazia N. Aslam,public,"fastq,run.zq,sra","ena,gs,ncbi,s3","ena,gs.us-east1,ncbi.public,s3.us-east-1",2018-01-18,2017-12-29,2018-11-16,2017-10-20,ERX2235152,sea ice phase II (two days at -4C and salinity 34),SAMEA104356461,sea ice phase II (two days at -4C and salinity 34),European Molecular Biology Laboratory (EMBL) Hamburg,European Molecular Biology Laboratory (EMBL) Hamburg,2017-12-29T17:01:51Z,2017-10-20T09:11:23Z,public,Illumina HiSeq 2000,Sample04_34A14T_LIB1320_p,PAIRED,RT-PCR,TRANSCRIPTOMIC,Fragilariopsis cylindrus,ILLUMINA,2018-01-26T00:00:00Z,2021-10-17T07:53:00Z,2,SAMEA104356461,E-MTAB-5153_2:Sample04_34A14T_LIB1320,ERP104856,CCMP1102,E-MTAB-5153_2:Sample04_34A14T_LIB1320
ERR2178842,RNA-Seq,100,2058324300,PRJEB23123,SAMEA104356462,ArrayExpress,1402005513,Shazia N. Aslam,public,"fastq,run.zq,sra","ena,gs,ncbi,s3","ena,gs.us-east1,ncbi.public,s3.us-east-1",2018-01-18,2017-12-29,2018-11-16,2017-10-20,ERX2235153,sea ice phase II (two days at -4C and salinity 34),SAMEA104356462,sea ice phase II (two days at -4C and salinity 34),European Molecular Biology Laboratory (EMBL) Hamburg,European Molecular Biology Laboratory (EMBL) Hamburg,2017-12-29T17:01:51Z,2017-10-20T09:11:23Z,public,Illumina HiSeq 2000,Sample05_34B14T_LIB1321_p,PAIRED,RT-PCR,TRANSCRIPTOMIC,Fragilariopsis cylindrus,ILLUMINA,2018-01-26T00:00:00Z,2021-10-17T07:55:00Z,2,SAMEA104356462,E-MTAB-5153_2:Sample05_34B14T_LIB1321,ERP104856,CCMP1102,E-MTAB-5153_2:Sample05_34B14T_LIB1321
ERR2178843,RNA-Seq,100,1933825700,PRJEB23123,SAMEA104356463,ArrayExpress,1317714297,Shazia N. Aslam,public,"fastq,run.zq,sra","ena,gs,ncbi,s3","ena,gs.us-east1,ncbi.public,s3.us-east-1",2018-01-18,2017-12-29,2018-11-16,2017-10-20,ERX2235154,sea ice phase II (two days at -4C and salinity 34),SAMEA104356463,sea ice phase II (two days at -4C and salinity 34),European Molecular Biology Laboratory (EMBL) Hamburg,European Molecular Biology Laboratory (EMBL) Hamburg,2017-12-29T17:01:51Z,2017-10-20T09:11:23Z,public,Illumina HiSeq 2000,Sample06_34C14T_LIB1322_p,PAIRED,RT-PCR,TRANSCRIPTOMIC,Fragilariopsis cylindrus,ILLUMINA,2018-01-26T00:00:00Z,2021-10-17T07:54:00Z,2,SAMEA104356463,E-MTAB-5153_2:Sample06_34C14T_LIB1322,ERP104856,CCMP1102,E-MTAB-5153_2:Sample06_34C14T_LIB1322
ERR2178844,RNA-Seq,100,1857142900,PRJEB23123,SAMEA104356464,ArrayExpress,1266482317,Shazia N. Aslam,public,"fastq,run.zq,sra","ena,gs,ncbi,s3","ena,gs.us-east1,ncbi.public,s3.us-east-1",2018-01-18,2017-12-29,2018-11-16,2017-10-20,ERX2235155,sea ice phase III (eight days at -4C and salinity 34),SAMEA104356464,sea ice phase III (eight days at -4C and salinity 34),European Molecular Biology Laboratory (EMBL) Hamburg,European Molecular Biology Laboratory (EMBL) Hamburg,2017-12-29T17:01:51Z,2017-10-20T09:11:23Z,public,Illumina HiSeq 2000,Sample07_34B20T_LIB1323_p,PAIRED,RT-PCR,TRANSCRIPTOMIC,Fragilariopsis cylindrus,ILLUMINA,2018-01-26T00:00:00Z,2021-10-17T08:00:00Z,2,SAMEA104356464,E-MTAB-5153_2:Sample07_34B20T_LIB1323,ERP104856,CCMP1102,E-MTAB-5153_2:Sample07_34B20T_LIB1323
ERR2178845,RNA-Seq,100,2099441000,PRJEB23123,SAMEA104356465,ArrayExpress,1428290276,Shazia N. Aslam,public,"fastq,run.zq,sra","ena,gs,ncbi,s3","ena,gs.us-east1,ncbi.public,s3.us-east-1",2018-01-18,2017-12-29,2018-11-16,2017-10-20,ERX2235156,sea ice phase III (eight days at -4C and salinity 34),SAMEA104356465,sea ice phase III (eight days at -4C and salinity 34),European Molecular Biology Laboratory (EMBL) Hamburg,European Molecular Biology Laboratory (EMBL) Hamburg,2017-12-29T17:01:51Z,2017-10-20T09:11:23Z,public,Illumina HiSeq 2000,Sample08_34C20T_LIB1324_p,PAIRED,RT-PCR,TRANSCRIPTOMIC,Fragilariopsis cylindrus,ILLUMINA,2018-01-26T00:00:00Z,2021-10-17T07:57:00Z,2,SAMEA104356465,E-MTAB-5153_2:Sample08_34C20T_LIB1324,ERP104856,CCMP1102,E-MTAB-5153_2:Sample08_34C20T_LIB1324
ERR2178846,RNA-Seq,100,1773287700,PRJEB23123,SAMEA104356466,ArrayExpress,1208630382,Shazia N. Aslam,public,"fastq,run.zq,sra","ena,gs,ncbi,s3","ena,gs.us-east1,ncbi.public,s3.us-east-1",2018-01-18,2017-12-29,2018-11-16,2017-10-20,ERX2235157,sea ice phase IV (two days at -4C and salinity 52),SAMEA104356466,sea ice phase IV (two days at -4C and salinity 52),European Molecular Biology Laboratory (EMBL) Hamburg,European Molecular Biology Laboratory (EMBL) Hamburg,2017-12-29T17:01:51Z,2017-10-20T09:11:23Z,public,Illumina HiSeq 2000,Sample09_52A14T_LIB1325_p,PAIRED,RT-PCR,TRANSCRIPTOMIC,Fragilariopsis cylindrus,ILLUMINA,2018-01-26T00:00:00Z,2022-07-30T18:01:00Z,2,SAMEA104356466,E-MTAB-5153_2:Sample09_52A14T_LIB1325,ERP104856,CCMP1102,E-MTAB-5153_2:Sample09_52A14T_LIB1325
ERR2178847,RNA-Seq,100,1750166200,PRJEB23123,SAMEA104356467,ArrayExpress,1188869095,Shazia N. Aslam,public,"fastq,run.zq,sra","ena,gs,ncbi,s3","ena,gs.us-east1,ncbi.public,s3.us-east-1",2018-01-18,2017-12-29,2018-11-16,2017-10-20,ERX2235158,sea ice phase IV (two days at -4C and salinity 52),SAMEA104356467,sea ice phase IV (two days at -4C and salinity 52),European Molecular Biology Laboratory (EMBL) Hamburg,European Molecular Biology Laboratory (EMBL) Hamburg,2017-12-29T17:01:51Z,2017-10-20T09:11:23Z,public,Illumina HiSeq 2000,Sample10_52B14T_LIB1326_p,PAIRED,RT-PCR,TRANSCRIPTOMIC,Fragilariopsis cylindrus,ILLUMINA,2018-01-26T00:00:00Z,2021-10-17T07:52:00Z,2,SAMEA104356467,E-MTAB-5153_2:Sample10_52B14T_LIB1326,ERP104856,CCMP1102,E-MTAB-5153_2:Sample10_52B14T_LIB1326
ERR2178848,RNA-Seq,100,1398980700,PRJEB23123,SAMEA104356468,ArrayExpress,955300977,Shazia N. Aslam,public,"fastq,run.zq,sra","ena,gs,ncbi,s3","ena,gs.us-east1,ncbi.public,s3.us-east-1",2018-01-18,2017-12-29,2018-11-16,2017-10-20,ERX2235159,sea ice phase IV (two days at -4C and salinity 52),SAMEA104356468,sea ice phase IV (two days at -4C and salinity 52),European Molecular Biology Laboratory (EMBL) Hamburg,European Molecular Biology Laboratory (EMBL) Hamburg,2017-12-29T17:01:51Z,2017-10-20T09:11:23Z,public,Illumina HiSeq 2000,Sample11_52C14T_LIB1327_p,PAIRED,RT-PCR,TRANSCRIPTOMIC,Fragilariopsis cylindrus,ILLUMINA,2018-01-26T00:00:00Z,2022-07-19T14:38:00Z,2,SAMEA104356468,E-MTAB-5153_2:Sample11_52C14T_LIB1327,ERP104856,CCMP1102,E-MTAB-5153_2:Sample11_52C14T_LIB1327
ERR2178849,RNA-Seq,100,1323038000,PRJEB23123,SAMEA104356469,ArrayExpress,908311698,Shazia N. Aslam,public,"fastq,run.zq,sra","ena,gs,ncbi,s3","ena,gs.us-east1,ncbi.public,s3.us-east-1",2018-01-18,2017-12-29,2018-11-16,2017-10-20,ERX2235160,sea ice phase V (eight days at -4C and salinity 52),SAMEA104356469,sea ice phase V (eight days at -4C and salinity 52),European Molecular Biology Laboratory (EMBL) Hamburg,European Molecular Biology Laboratory (EMBL) Hamburg,2017-12-29T17:01:51Z,2017-10-20T09:11:23Z,public,Illumina HiSeq 2000,Sample12_52A20T_LIB1328_p,PAIRED,RT-PCR,TRANSCRIPTOMIC,Fragilariopsis cylindrus,ILLUMINA,2018-01-26T00:00:00Z,2022-07-30T17:58:00Z,2,SAMEA104356469,E-MTAB-5153_2:Sample12_52A20T_LIB1328,ERP104856,CCMP1102,E-MTAB-5153_2:Sample12_52A20T_LIB1328
ERR2178850,RNA-Seq,100,1821385200,PRJEB23123,SAMEA104356470,ArrayExpress,1242039147,Shazia N. Aslam,public,"fastq,run.zq,sra","ena,gs,ncbi,s3","ena,gs.us-east1,ncbi.public,s3.us-east-1",2018-01-18,2017-12-29,2018-11-16,2017-10-20,ERX2235161,sea ice phase V (eight days at -4C and salinity 52),SAMEA104356470,sea ice phase V (eight days at -4C and salinity 52),European Molecular Biology Laboratory (EMBL) Hamburg,European Molecular Biology Laboratory (EMBL) Hamburg,2017-12-29T17:01:51Z,2017-10-20T09:11:23Z,public,Illumina HiSeq 2000,Sample13_52C20T_LIB1329_p,PAIRED,RT-PCR,TRANSCRIPTOMIC,Fragilariopsis cylindrus,ILLUMINA,2018-01-26T00:00:00Z,2021-10-17T07:55:00Z,2,SAMEA104356470,E-MTAB-5153_2:Sample13_52C20T_LIB1329,ERP104856,CCMP1102,E-MTAB-5153_2:Sample13_52C20T_LIB1329
ERR2178851,RNA-Seq,100,1855164800,PRJEB23123,SAMEA104356471,ArrayExpress,1258580833,Shazia N. Aslam,public,"fastq,run.zq,sra","ena,gs,ncbi,s3","ena,gs.us-east1,ncbi.public,s3.us-east-1",2018-01-18,2017-12-29,2018-11-16,2017-10-20,ERX2235162,sea ice phase VI (two days at -8C and salinity 52),SAMEA104356471,sea ice phase VI (two days at -8C and salinity 52),European Molecular Biology Laboratory (EMBL) Hamburg,European Molecular Biology Laboratory (EMBL) Hamburg,2017-12-29T17:01:51Z,2017-10-20T09:11:23Z,public,Illumina HiSeq 2000,Sample14_52B22T_LIB1330_p,PAIRED,RT-PCR,TRANSCRIPTOMIC,Fragilariopsis cylindrus,ILLUMINA,2018-01-26T00:00:00Z,2021-10-17T07:56:00Z,2,SAMEA104356471,E-MTAB-5153_2:Sample14_52B22T_LIB1330,ERP104856,CCMP1102,E-MTAB-5153_2:Sample14_52B22T_LIB1330
ERR2178852,RNA-Seq,100,1724573400,PRJEB23123,SAMEA104356472,ArrayExpress,1173693157,Shazia N. Aslam,public,"fastq,run.zq,sra","ena,gs,ncbi,s3","ena,gs.us-east1,ncbi.public,s3.us-east-1",2018-01-18,2017-12-29,2018-11-16,2017-10-20,ERX2235163,sea ice phase VI (two days at -8C and salinity 52),SAMEA104356472,sea ice phase VI (two days at -8C and salinity 52),European Molecular Biology Laboratory (EMBL) Hamburg,European Molecular Biology Laboratory (EMBL) Hamburg,2017-12-29T17:01:51Z,2017-10-20T09:11:23Z,public,Illumina HiSeq 2000,Sample15_52C22T_LIB1331_p,PAIRED,RT-PCR,TRANSCRIPTOMIC,Fragilariopsis cylindrus,ILLUMINA,2018-01-26T00:00:00Z,2021-10-17T07:53:00Z,2,SAMEA104356472,E-MTAB-5153_2:Sample15_52C22T_LIB1331,ERP104856,CCMP1102,E-MTAB-5153_2:Sample15_52C22T_LIB1331
ERR3809479,RNA-Seq,100,1863593300,PRJEB36182,SAMEA6471253,ArrayExpress,1265909858,Shazia N. Aslam,public,"fastq,run.zq,sra","gs,ncbi,s3","gs.us-east1,ncbi.public,s3.us-east-1",2022-04-30,2020-07-31T04:03:52Z,2022-04-30,2020-01-13T14:58:23Z,ERX3810871,"0 degree Celcius, salinity 34",20,SAMEA6471253,wild type genotype,"0 degree Celcius\, salinity 34",CSSB Centre for Structural Systems Biology,2020-07-31T04:03:52Z,2020-01-13T14:58:23Z,public,Illumina HiSeq 2000,Sample_01_34A20C_LIB1311_p,PAIRED,RANDOM,TRANSCRIPTOMIC,Fragilariopsis cylindrus,ILLUMINA,2022-05-12T00:00:00Z,2022-05-12T14:22:00Z,1,SAMEA6471253,E-MTAB-8665:Sample_01_34A20C_LIB1311,Fragilariopsis cylindrus,ERP119340,CCMP1102,E-MTAB-8665:Sample_01_34A20C_LIB1311
ERR3809485,RNA-Seq,100,1619433300,PRJEB36182,SAMEA6471259,ArrayExpress,1096716296,Shazia N. Aslam,public,"fastq,run.zq,sra","gs,ncbi,s3","gs.us-east1,ncbi.public,s3.us-east-1",2022-04-30,2020-07-31T04:03:52Z,2022-04-30,2020-01-13T14:58:23Z,ERX3810877,"0 degree Celcius, salinity 52",22,SAMEA6471259,wild type genotype,"0 degree Celcius\, salinity 52",CSSB Centre for Structural Systems Biology,2020-07-31T04:03:52Z,2020-01-13T14:58:23Z,public,Illumina HiSeq 2000,Sample_07_52A22C_LIB1317_p,PAIRED,RANDOM,TRANSCRIPTOMIC,Fragilariopsis cylindrus,ILLUMINA,2022-05-12T00:00:00Z,2022-05-12T14:23:00Z,1,SAMEA6471259,E-MTAB-8665:Sample_07_52A22C_LIB1317,Fragilariopsis cylindrus,ERP119340,CCMP1102,E-MTAB-8665:Sample_07_52A22C_LIB1317
ERR3809480,RNA-Seq,100,1875067100,PRJEB36182,SAMEA6471254,ArrayExpress,1271245617,Shazia N. Aslam,public,"fastq,run.zq,sra","gs,ncbi,s3","gs.us-east1,ncbi.public,s3.us-east-1",2022-04-30,2020-07-31T04:03:52Z,2022-04-30,2020-01-13T14:58:23Z,ERX3810872,"0 degree Celcius, salinity 34",20,SAMEA6471254,wild type genotype,"0 degree Celcius\, salinity 34",CSSB Centre for Structural Systems Biology,2020-07-31T04:03:52Z,2020-01-13T14:58:23Z,public,Illumina HiSeq 2000,Sample_02_34B20C_LIB1312_p,PAIRED,RANDOM,TRANSCRIPTOMIC,Fragilariopsis cylindrus,ILLUMINA,2022-05-12T00:00:00Z,2022-05-12T14:24:00Z,1,SAMEA6471254,E-MTAB-8665:Sample_02_34B20C_LIB1312,Fragilariopsis cylindrus,ERP119340,CCMP1102,E-MTAB-8665:Sample_02_34B20C_LIB1312
ERR3809481,RNA-Seq,100,2229332400,PRJEB36182,SAMEA6471255,ArrayExpress,1513076040,Shazia N. Aslam,public,"fastq,run.zq,sra","gs,ncbi,s3","gs.us-east1,ncbi.public,s3.us-east-1",2022-04-30,2020-07-31T04:03:52Z,2022-04-30,2020-01-13T14:58:23Z,ERX3810873,"0 degree Celcius, salinity 34",20,SAMEA6471255,wild type genotype,"0 degree Celcius\, salinity 34",CSSB Centre for Structural Systems Biology,2020-07-31T04:03:52Z,2020-01-13T14:58:23Z,public,Illumina HiSeq 2000,Sample_03_34C20C_LIB1313_p,PAIRED,RANDOM,TRANSCRIPTOMIC,Fragilariopsis cylindrus,ILLUMINA,2022-05-12T00:00:00Z,2022-05-12T14:28:00Z,1,SAMEA6471255,E-MTAB-8665:Sample_03_34C20C_LIB1313,Fragilariopsis cylindrus,ERP119340,CCMP1102,E-MTAB-8665:Sample_03_34C20C_LIB1313
ERR3809482,RNA-Seq,100,1371510600,PRJEB36182,SAMEA6471256,ArrayExpress,931627033,Shazia N. Aslam,public,"fastq,run.zq,sra","gs,ncbi,s3","gs.us-east1,ncbi.public,s3.us-east-1",2022-04-30,2020-07-31T04:03:52Z,2022-04-30,2020-01-13T14:58:23Z,ERX3810874,"0 degree Celcius, salinity 52",14,SAMEA6471256,wild type genotype,"0 degree Celcius\, salinity 52",CSSB Centre for Structural Systems Biology,2020-07-31T04:03:52Z,2020-01-13T14:58:23Z,public,Illumina HiSeq 2000,Sample_04_52A14C_LIB1351_p,PAIRED,RANDOM,TRANSCRIPTOMIC,Fragilariopsis cylindrus,ILLUMINA,2022-05-12T00:00:00Z,2022-05-12T14:21:00Z,1,SAMEA6471256,E-MTAB-8665:Sample_04_52A14C_LIB1351,Fragilariopsis cylindrus,ERP119340,CCMP1102,E-MTAB-8665:Sample_04_52A14C_LIB1351
ERR3809483,RNA-Seq,100,1362117500,PRJEB36182,SAMEA6471257,ArrayExpress,923136365,Shazia N. Aslam,public,"fastq,run.zq,sra","gs,ncbi,s3","gs.us-east1,ncbi.public,s3.us-east-1",2022-04-30,2020-07-31T04:03:52Z,2022-04-30,2020-01-13T14:58:23Z,ERX3810875,"0 degree Celcius, salinity 52",14,SAMEA6471257,wild type genotype,"0 degree Celcius\, salinity 52",CSSB Centre for Structural Systems Biology,2020-07-31T04:03:52Z,2020-01-13T14:58:23Z,public,Illumina HiSeq 2000,Sample_05_52B14C_LIB1315_p,PAIRED,RANDOM,TRANSCRIPTOMIC,Fragilariopsis cylindrus,ILLUMINA,2022-05-12T00:00:00Z,2022-05-12T14:21:00Z,1,SAMEA6471257,E-MTAB-8665:Sample_05_52B14C_LIB1315,Fragilariopsis cylindrus,ERP119340,CCMP1102,E-MTAB-8665:Sample_05_52B14C_LIB1315
ERR3809484,RNA-Seq,100,1698021300,PRJEB36182,SAMEA6471258,ArrayExpress,1149649159,Shazia N. Aslam,public,"fastq,run.zq,sra","gs,ncbi,s3","gs.us-east1,ncbi.public,s3.us-east-1",2022-04-30,2020-07-31T04:03:52Z,2022-04-30,2020-01-13T14:58:23Z,ERX3810876,"0 degree Celcius, salinity 52",14,SAMEA6471258,wild type genotype,"0 degree Celcius\, salinity 52",CSSB Centre for Structural Systems Biology,2020-07-31T04:03:52Z,2020-01-13T14:58:23Z,public,Illumina HiSeq 2000,Sample_06_52C14C_LIB1316_p,PAIRED,RANDOM,TRANSCRIPTOMIC,Fragilariopsis cylindrus,ILLUMINA,2022-05-12T00:00:00Z,2022-05-12T14:22:00Z,1,SAMEA6471258,E-MTAB-8665:Sample_06_52C14C_LIB1316,Fragilariopsis cylindrus,ERP119340,CCMP1102,E-MTAB-8665:Sample_06_52C14C_LIB1316
ERR3809486,RNA-Seq,100,1882014100,PRJEB36182,SAMEA6471260,ArrayExpress,1271958130,Shazia N. Aslam,public,"fastq,run.zq,sra","gs,ncbi,s3","gs.us-east1,ncbi.public,s3.us-east-1",2022-04-30,2020-07-31T04:03:52Z,2022-04-30,2020-01-13T14:58:23Z,ERX3810878,"0 degree Celcius, salinity 52",22,SAMEA6471260,wild type genotype,"0 degree Celcius\, salinity 52",CSSB Centre for Structural Systems Biology,2020-07-31T04:03:52Z,2020-01-13T14:58:23Z,public,Illumina HiSeq 2000,Sample_08_52B22C_LIB1318_p,PAIRED,RANDOM,TRANSCRIPTOMIC,Fragilariopsis cylindrus,ILLUMINA,2022-05-12T00:00:00Z,2022-05-12T14:25:00Z,1,SAMEA6471260,E-MTAB-8665:Sample_08_52B22C_LIB1318,Fragilariopsis cylindrus,ERP119340,CCMP1102,E-MTAB-8665:Sample_08_52B22C_LIB1318
ERR3809487,RNA-Seq,100,2141548900,PRJEB36182,SAMEA6471261,ArrayExpress,1451539832,Shazia N. Aslam,public,"fastq,run.zq,sra","gs,ncbi,s3","gs.us-east1,ncbi.public,s3.us-east-1",2022-04-30,2020-07-31T04:03:52Z,2022-04-30,2020-01-13T14:58:23Z,ERX3810879,"0 degree Celcius, salinity 52",22,SAMEA6471261,wild type genotype,"0 degree Celcius\, salinity 52",CSSB Centre for Structural Systems Biology,2020-07-31T04:03:52Z,2020-01-13T14:58:23Z,public,Illumina HiSeq 2000,Sample_09_52C22C_LIB1319_p,PAIRED,RANDOM,TRANSCRIPTOMIC,Fragilariopsis cylindrus,ILLUMINA,2022-05-12T00:00:00Z,2022-05-12T14:27:00Z,1,SAMEA6471261,E-MTAB-8665:Sample_09_52C22C_LIB1319,Fragilariopsis cylindrus,ERP119340,CCMP1102,E-MTAB-8665:Sample_09_52C22C_LIB1319
SRR1202317,RNA-Seq,85,3272018220,PRJNA242525,SAMN02697326,2747903825,GEO,public,sra,"gs,ncbi,s3","gs.us-east1,ncbi.public,s3.us-east-1",SRX499014,GSM1356313,AB SOLiD 4 System,PAIRED,cDNA,TRANSCRIPTOMIC,nutrient-replete control,Fragilariopsis cylindrus,ABI_SOLID,2014-04-05T00:00:00Z,2014-04-04T17:31:00Z,1,GSM1356313,diatom culture,SRP040503,CCMP 1102,
SRR1202319,RNA-Seq,85,3223774430,PRJNA242525,SAMN02697325,2713073970,GEO,public,sra,"gs,ncbi,s3","gs.us-east1,ncbi.public,s3.us-east-1",SRX499015,GSM1356314,AB SOLiD 4 System,PAIRED,cDNA,TRANSCRIPTOMIC,nutrient-replete control,Fragilariopsis cylindrus,ABI_SOLID,2014-04-04T00:00:00Z,2014-04-04T17:31:00Z,1,GSM1356314,diatom culture,SRP040503,CCMP 1102,
SRR1202321,RNA-Seq,85,5012900415,PRJNA242525,SAMN02697312,4216646381,GEO,public,sra,"gs,ncbi,s3","gs.us-east1,ncbi.public,s3.us-east-1",SRX499016,GSM1356315,AB SOLiD 4 System,PAIRED,cDNA,TRANSCRIPTOMIC,nutrient-replete control,Fragilariopsis cylindrus,ABI_SOLID,2014-04-04T00:00:00Z,2014-04-04T17:37:00Z,1,GSM1356315,diatom culture,SRP040503,CCMP 1102,
SRR1202323,RNA-Seq,85,3780637055,PRJNA242525,SAMN02697319,3176598784,GEO,public,sra,"gs,ncbi,s3","gs.us-east1,ncbi.public,s3.us-east-1",SRX499017,GSM1356316,AB SOLiD 4 System,PAIRED,cDNA,TRANSCRIPTOMIC,nitrate-limited,Fragilariopsis cylindrus,ABI_SOLID,2014-04-04T00:00:00Z,2014-04-04T17:33:00Z,1,GSM1356316,diatom culture,SRP040503,CCMP 1102,
SRR1202325,RNA-Seq,85,3863493355,PRJNA242525,SAMN02697322,3251833095,GEO,public,sra,"gs,ncbi,s3","gs.us-east1,ncbi.public,s3.us-east-1",SRX499018,GSM1356317,AB SOLiD 4 System,PAIRED,cDNA,TRANSCRIPTOMIC,nitrate-limited,Fragilariopsis cylindrus,ABI_SOLID,2014-04-04T00:00:00Z,2014-04-04T17:35:00Z,1,GSM1356317,diatom culture,SRP040503,CCMP 1102,
SRR1202327,RNA-Seq,85,3387618475,PRJNA242525,SAMN02697316,2845563030,GEO,public,sra,"gs,ncbi,s3","gs.us-east1,ncbi.public,s3.us-east-1",SRX499019,GSM1356318,AB SOLiD 4 System,PAIRED,cDNA,TRANSCRIPTOMIC,nitrate-limited,Fragilariopsis cylindrus,ABI_SOLID,2014-04-04T00:00:00Z,2014-04-04T17:34:00Z,1,GSM1356318,diatom culture,SRP040503,CCMP 1102,
SRR4068206,RNA-Seq,85,4189203155,PRJNA242525,SAMN05710632,3520296674,GEO,public,"SOLiD_native,sra","gs,ncbi,s3","gs.us-east1,ncbi.public,s3.us-east-1",SRX2055113,GSM2293395,AB SOLiD 4 System,PAIRED,cDNA,TRANSCRIPTOMIC,silicic acid-limited,Fragilariopsis cylindrus,ABI_SOLID,2019-07-02T00:00:00Z,2016-08-26T09:47:00Z,1,GSM2293395,Fc silicic acid-limited,SRP040503,,CCMP 1102
SRR4068207,RNA-Seq,85,3840145810,PRJNA242525,SAMN05710630,3221971027,GEO,public,"SOLiD_native,sra","gs,ncbi,s3","gs.us-east1,ncbi.public,s3.us-east-1",SRX2055114,GSM2293396,AB SOLiD 4 System,PAIRED,cDNA,TRANSCRIPTOMIC,silicic acid-limited,Fragilariopsis cylindrus,ABI_SOLID,2019-07-02T00:00:00Z,2016-08-26T09:46:00Z,1,GSM2293396,Fc silicic acid-limited,SRP040503,,CCMP 1102
SRR4068208,RNA-Seq,85,4519186585,PRJNA242525,SAMN05710631,3781095519,GEO,public,"SOLiD_native,sra","gs,ncbi,s3","gs.us-east1,ncbi.public,s3.us-east-1",SRX2055115,GSM2293397,AB SOLiD 4 System,PAIRED,cDNA,TRANSCRIPTOMIC,silicic acid-limited,Fragilariopsis cylindrus,ABI_SOLID,2019-07-02T00:00:00Z,2016-08-26T09:48:00Z,1,GSM2293397,Fc silicic acid-limited,SRP040503,,CCMP 1102
SRR22322157,RNA-Seq,300,4799499000,PRJNA902753,SAMN31773326,1880868566,CCMP3323,"PLANT AND ALGAL GENOMICS LAB, INSTITUT DE BIOLOGIE, ÉCOLE NORMALE SUPÉRIEURE",public,"fastq,run.zq,sra","gs,ncbi,s3","gs.us-east1,ncbi.public,s3.us-east-1",SRX18295412,Illumina HiSeq 4000,GSM6736697,PAIRED,cDNA,TRANSCRIPTOMIC,Fragilariopsis cylindrus,ILLUMINA,2023-02-14T00:00:00Z,2022-11-17T14:13:00Z,1,GSM6736697,Cell culture,SRP408446,Cell culture,5 days after the light return
SRR22322158,RNA-Seq,300,9698962200,PRJNA902753,SAMN31773327,3810794301,CCMP3323,"PLANT AND ALGAL GENOMICS LAB, INSTITUT DE BIOLOGIE, ÉCOLE NORMALE SUPÉRIEURE",public,"fastq,run.zq,sra","gs,ncbi,s3","gs.us-east1,ncbi.public,s3.us-east-1",SRX18295411,Illumina HiSeq 4000,GSM6736696,PAIRED,cDNA,TRANSCRIPTOMIC,Fragilariopsis cylindrus,ILLUMINA,2023-02-14T00:00:00Z,2022-11-17T14:50:00Z,1,GSM6736696,Cell culture,SRP408446,Cell culture,5 days after the light return
SRR22322159,RNA-Seq,300,4723598700,PRJNA902753,SAMN31773328,1858987985,CCMP3323,"PLANT AND ALGAL GENOMICS LAB, INSTITUT DE BIOLOGIE, ÉCOLE NORMALE SUPÉRIEURE",public,"fastq,run.zq,sra","gs,ncbi,s3","gs.us-east1,ncbi.public,s3.us-east-1",SRX18295410,Illumina HiSeq 4000,GSM6736695,PAIRED,cDNA,TRANSCRIPTOMIC,Fragilariopsis cylindrus,ILLUMINA,2023-02-14T00:00:00Z,2022-11-17T14:11:00Z,1,GSM6736695,Cell culture,SRP408446,Cell culture,3 days after the light return
SRR22322167,RNA-Seq,300,4971643800,PRJNA902753,SAMN31773336,1931880995,CCMP3323,"PLANT AND ALGAL GENOMICS LAB, INSTITUT DE BIOLOGIE, ÉCOLE NORMALE SUPÉRIEURE",public,"fastq,run.zq,sra","gs,ncbi,s3","gs.us-east1,ncbi.public,s3.us-east-1",SRX18295402,Illumina HiSeq 4000,GSM6736687,PAIRED,cDNA,TRANSCRIPTOMIC,Fragilariopsis cylindrus,ILLUMINA,2023-02-14T00:00:00Z,2022-11-17T14:17:00Z,1,GSM6736687,Cell culture,SRP408446,Cell culture,1 day after the light return
SRR22322168,RNA-Seq,300,11116153800,PRJNA902753,SAMN31773337,4231671516,CCMP3323,"PLANT AND ALGAL GENOMICS LAB, INSTITUT DE BIOLOGIE, ÉCOLE NORMALE SUPÉRIEURE",public,"fastq,run.zq,sra","gs,ncbi,s3","gs.us-east1,ncbi.public,s3.us-east-1",SRX18295401,Illumina HiSeq 4000,GSM6736686,PAIRED,cDNA,TRANSCRIPTOMIC,Fragilariopsis cylindrus,ILLUMINA,2023-02-14T00:00:00Z,2022-11-17T14:58:00Z,1,GSM6736686,Cell culture,SRP408446,Cell culture,12h after the light return
SRR22322172,RNA-Seq,300,6686388300,PRJNA902753,SAMN31773341,2524848921,CCMP3323,"PLANT AND ALGAL GENOMICS LAB, INSTITUT DE BIOLOGIE, ÉCOLE NORMALE SUPÉRIEURE",public,"fastq,run.zq,sra","gs,ncbi,s3","gs.us-east1,ncbi.public,s3.us-east-1",SRX18295397,Illumina HiSeq 4000,GSM6736682,PAIRED,cDNA,TRANSCRIPTOMIC,Fragilariopsis cylindrus,ILLUMINA,2023-02-14T00:00:00Z,2022-11-17T14:37:00Z,1,GSM6736682,Cell culture,SRP408446,Cell culture,6h after the light return
SRR22322173,RNA-Seq,300,3743090400,PRJNA902753,SAMN31773342,1445680622,CCMP3323,"PLANT AND ALGAL GENOMICS LAB, INSTITUT DE BIOLOGIE, ÉCOLE NORMALE SUPÉRIEURE",public,"fastq,run.zq,sra","gs,ncbi,s3","gs.us-east1,ncbi.public,s3.us-east-1",SRX18295396,Illumina HiSeq 4000,GSM6736681,PAIRED,cDNA,TRANSCRIPTOMIC,Fragilariopsis cylindrus,ILLUMINA,2023-02-14T00:00:00Z,2022-11-17T14:06:00Z,1,GSM6736681,Cell culture,SRP408446,Cell culture,6h after the light return
SRR22322176,RNA-Seq,300,7154320500,PRJNA902753,SAMN31773345,2927508529,CCMP3323,"PLANT AND ALGAL GENOMICS LAB, INSTITUT DE BIOLOGIE, ÉCOLE NORMALE SUPÉRIEURE",public,"fastq,run.zq,sra","gs,ncbi,s3","gs.us-east1,ncbi.public,s3.us-east-1",SRX18295393,Illumina HiSeq 4000,GSM6736678,PAIRED,cDNA,TRANSCRIPTOMIC,Fragilariopsis cylindrus,ILLUMINA,2023-02-14T00:00:00Z,2022-11-17T14:31:00Z,1,GSM6736678,Cell culture,SRP408446,Cell culture,2h after the light return
SRR22322177,RNA-Seq,300,13872395400,PRJNA902753,SAMN31773346,5210082115,CCMP3323,"PLANT AND ALGAL GENOMICS LAB, INSTITUT DE BIOLOGIE, ÉCOLE NORMALE SUPÉRIEURE",public,"fastq,run.zq,sra","gs,ncbi,s3","gs.us-east1,ncbi.public,s3.us-east-1",SRX18295392,Illumina HiSeq 4000,GSM6736677,PAIRED,cDNA,TRANSCRIPTOMIC,Fragilariopsis cylindrus,ILLUMINA,2023-02-14T00:00:00Z,2022-11-17T15:01:00Z,1,GSM6736677,Cell culture,SRP408446,Cell culture,30 min after the light return
SRR22322179,RNA-Seq,300,12973075500,PRJNA902753,SAMN31773348,4879381797,CCMP3323,"PLANT AND ALGAL GENOMICS LAB, INSTITUT DE BIOLOGIE, ÉCOLE NORMALE SUPÉRIEURE",public,"fastq,run.zq,sra","gs,ncbi,s3","gs.us-east1,ncbi.public,s3.us-east-1",SRX18295390,Illumina HiSeq 4000,GSM6736675,PAIRED,cDNA,TRANSCRIPTOMIC,Fragilariopsis cylindrus,ILLUMINA,2023-02-14T00:00:00Z,2022-11-17T15:09:00Z,1,GSM6736675,Cell culture,SRP408446,Cell culture,30 min after the light return
SRR22322180,RNA-Seq,300,3031161900,PRJNA902753,SAMN31773304,1183588408,CCMP3323,"PLANT AND ALGAL GENOMICS LAB, INSTITUT DE BIOLOGIE, ÉCOLE NORMALE SUPÉRIEURE",public,"fastq,run.zq,sra","gs,ncbi,s3","gs.us-east1,ncbi.public,s3.us-east-1",SRX18295389,Illumina HiSeq 4000,GSM6736719,PAIRED,cDNA,TRANSCRIPTOMIC,Fragilariopsis cylindrus,ILLUMINA,2023-02-14T00:00:00Z,2022-11-17T13:44:00Z,1,GSM6736719,Cell culture,SRP408446,Cell culture,Acclimated to full light
SRR22322186,RNA-Seq,300,2941532700,PRJNA902753,SAMN31773310,1146863051,CCMP3323,"PLANT AND ALGAL GENOMICS LAB, INSTITUT DE BIOLOGIE, ÉCOLE NORMALE SUPÉRIEURE",public,"fastq,run.zq,sra","gs,ncbi,s3","gs.us-east1,ncbi.public,s3.us-east-1",SRX18295383,Illumina HiSeq 4000,GSM6736713,PAIRED,cDNA,TRANSCRIPTOMIC,Fragilariopsis cylindrus,ILLUMINA,2023-02-14T00:00:00Z,2022-11-17T13:42:00Z,1,GSM6736713,Cell culture,SRP408446,Cell culture,1 day after the light return
SRR22322187,RNA-Seq,300,3372622200,PRJNA902753,SAMN31773311,1313937023,CCMP3323,"PLANT AND ALGAL GENOMICS LAB, INSTITUT DE BIOLOGIE, ÉCOLE NORMALE SUPÉRIEURE",public,"fastq,run.zq,sra","gs,ncbi,s3","gs.us-east1,ncbi.public,s3.us-east-1",SRX18295382,Illumina HiSeq 4000,GSM6736712,PAIRED,cDNA,TRANSCRIPTOMIC,Fragilariopsis cylindrus,ILLUMINA,2023-02-14T00:00:00Z,2022-11-17T13:46:00Z,1,GSM6736712,Cell culture,SRP408446,Cell culture,1 day after the light return
SRR22322189,RNA-Seq,300,3486831000,PRJNA902753,SAMN31773313,1350899278,CCMP3323,"PLANT AND ALGAL GENOMICS LAB, INSTITUT DE BIOLOGIE, ÉCOLE NORMALE SUPÉRIEURE",public,"fastq,run.zq,sra","gs,ncbi,s3","gs.us-east1,ncbi.public,s3.us-east-1",SRX18295380,Illumina HiSeq 4000,GSM6736710,PAIRED,cDNA,TRANSCRIPTOMIC,Fragilariopsis cylindrus,ILLUMINA,2023-02-14T00:00:00Z,2022-11-17T13:47:00Z,1,GSM6736710,Cell culture,SRP408446,Cell culture,6h after the light return
SRR22322190,RNA-Seq,300,2906395800,PRJNA902753,SAMN31773314,1145530078,CCMP3323,"PLANT AND ALGAL GENOMICS LAB, INSTITUT DE BIOLOGIE, ÉCOLE NORMALE SUPÉRIEURE",public,"fastq,run.zq,sra","gs,ncbi,s3","gs.us-east1,ncbi.public,s3.us-east-1",SRX18295379,Illumina HiSeq 4000,GSM6736709,PAIRED,cDNA,TRANSCRIPTOMIC,Fragilariopsis cylindrus,ILLUMINA,2023-02-14T00:00:00Z,2022-11-17T13:44:00Z,1,GSM6736709,Cell culture,SRP408446,Cell culture,6h after the light return
SRR22322191,RNA-Seq,300,3401336400,PRJNA902753,SAMN31773315,1335220864,CCMP3323,"PLANT AND ALGAL GENOMICS LAB, INSTITUT DE BIOLOGIE, ÉCOLE NORMALE SUPÉRIEURE",public,"fastq,run.zq,sra","gs,ncbi,s3","gs.us-east1,ncbi.public,s3.us-east-1",SRX18295378,Illumina HiSeq 4000,GSM6736708,PAIRED,cDNA,TRANSCRIPTOMIC,Fragilariopsis cylindrus,ILLUMINA,2023-02-14T00:00:00Z,2022-11-17T13:48:00Z,1,GSM6736708,Cell culture,SRP408446,Cell culture,6h after the light return
SRR22322192,RNA-Seq,300,3053775600,PRJNA902753,SAMN31773316,1194263798,CCMP3323,"PLANT AND ALGAL GENOMICS LAB, INSTITUT DE BIOLOGIE, ÉCOLE NORMALE SUPÉRIEURE",public,"fastq,run.zq,sra","gs,ncbi,s3","gs.us-east1,ncbi.public,s3.us-east-1",SRX18295377,Illumina HiSeq 4000,GSM6736707,PAIRED,cDNA,TRANSCRIPTOMIC,Fragilariopsis cylindrus,ILLUMINA,2023-02-14T00:00:00Z,2022-11-17T14:13:00Z,1,GSM6736707,Cell culture,SRP408446,Cell culture,30 min after the light return
SRR22322194,RNA-Seq,300,2517507000,PRJNA902753,SAMN31773318,988609092,CCMP3323,"PLANT AND ALGAL GENOMICS LAB, INSTITUT DE BIOLOGIE, ÉCOLE NORMALE SUPÉRIEURE",public,"fastq,run.zq,sra","gs,ncbi,s3","gs.us-east1,ncbi.public,s3.us-east-1",SRX18295375,Illumina HiSeq 4000,GSM6736705,PAIRED,cDNA,TRANSCRIPTOMIC,Fragilariopsis cylindrus,ILLUMINA,2023-02-14T00:00:00Z,2022-11-17T13:50:00Z,1,GSM6736705,Cell culture,SRP408446,Cell culture,30 min after the light return
SRR22322195,RNA-Seq,300,12288289800,PRJNA902753,SAMN31773319,4803760719,CCMP3323,"PLANT AND ALGAL GENOMICS LAB, INSTITUT DE BIOLOGIE, ÉCOLE NORMALE SUPÉRIEURE",public,"fastq,run.zq,sra","gs,ncbi,s3","gs.us-east1,ncbi.public,s3.us-east-1",SRX18295374,Illumina HiSeq 4000,GSM6736704,PAIRED,cDNA,TRANSCRIPTOMIC,Fragilariopsis cylindrus,ILLUMINA,2023-02-14T00:00:00Z,2022-11-17T14:24:00Z,1,GSM6736704,Cell culture,SRP408446,Cell culture,1 month in darkness
SRR22322196,RNA-Seq,300,2887393800,PRJNA902753,SAMN31773320,1117149302,CCMP3323,"PLANT AND ALGAL GENOMICS LAB, INSTITUT DE BIOLOGIE, ÉCOLE NORMALE SUPÉRIEURE",public,"fastq,run.zq,sra","gs,ncbi,s3","gs.us-east1,ncbi.public,s3.us-east-1",SRX18295373,Illumina HiSeq 4000,GSM6736703,PAIRED,cDNA,TRANSCRIPTOMIC,Fragilariopsis cylindrus,ILLUMINA,2023-02-14T00:00:00Z,2022-11-17T13:46:00Z,1,GSM6736703,Cell culture,SRP408446,Cell culture,1 month in darkness
SRR22322197,RNA-Seq,300,5034523200,PRJNA902753,SAMN31773321,1966167081,CCMP3323,"PLANT AND ALGAL GENOMICS LAB, INSTITUT DE BIOLOGIE, ÉCOLE NORMALE SUPÉRIEURE",public,"fastq,run.zq,sra","gs,ncbi,s3","gs.us-east1,ncbi.public,s3.us-east-1",SRX18295372,Illumina HiSeq 4000,GSM6736702,PAIRED,cDNA,TRANSCRIPTOMIC,Fragilariopsis cylindrus,ILLUMINA,2023-02-14T00:00:00Z,2022-11-17T13:48:00Z,1,GSM6736702,Cell culture,SRP408446,Cell culture,1 month in darkness
SRR22322198,RNA-Seq,300,4159177800,PRJNA902753,SAMN31773322,1594104537,CCMP3323,"PLANT AND ALGAL GENOMICS LAB, INSTITUT DE BIOLOGIE, ÉCOLE NORMALE SUPÉRIEURE",public,"fastq,run.zq,sra","gs,ncbi,s3","gs.us-east1,ncbi.public,s3.us-east-1",SRX18295371,Illumina HiSeq 4000,GSM6736701,PAIRED,cDNA,TRANSCRIPTOMIC,Fragilariopsis cylindrus,ILLUMINA,2023-02-14T00:00:00Z,2022-11-17T14:10:00Z,1,GSM6736701,Cell culture,SRP408446,Cell culture,7 days after the light return
SRR22322199,RNA-Seq,300,8953542900,PRJNA902753,SAMN31773323,3436322749,CCMP3323,"PLANT AND ALGAL GENOMICS LAB, INSTITUT DE BIOLOGIE, ÉCOLE NORMALE SUPÉRIEURE",public,"fastq,run.zq,sra","gs,ncbi,s3","gs.us-east1,ncbi.public,s3.us-east-1",SRX18295370,Illumina HiSeq 4000,GSM6736700,PAIRED,cDNA,TRANSCRIPTOMIC,Fragilariopsis cylindrus,ILLUMINA,2023-02-14T00:00:00Z,2022-11-17T14:44:00Z,1,GSM6736700,Cell culture,SRP408446,Cell culture,7 days after the light return
SRR22322200,RNA-Seq,300,7769688600,PRJNA902753,SAMN31773324,2943299807,CCMP3323,"PLANT AND ALGAL GENOMICS LAB, INSTITUT DE BIOLOGIE, ÉCOLE NORMALE SUPÉRIEURE",public,"fastq,run.zq,sra","gs,ncbi,s3","gs.us-east1,ncbi.public,s3.us-east-1",SRX18295369,Illumina HiSeq 4000,GSM6736699,PAIRED,cDNA,TRANSCRIPTOMIC,Fragilariopsis cylindrus,ILLUMINA,2023-02-14T00:00:00Z,2022-11-17T14:35:00Z,1,GSM6736699,Cell culture,SRP408446,Cell culture,7 days after the light return
SRR22322204,RNA-Seq,300,4731046800,PRJNA902753,SAMN31773352,1830721844,CCMP3323,"PLANT AND ALGAL GENOMICS LAB, INSTITUT DE BIOLOGIE, ÉCOLE NORMALE SUPÉRIEURE",public,"fastq,run.zq,sra","gs,ncbi,s3","gs.us-east1,ncbi.public,s3.us-east-1",SRX18295365,Illumina HiSeq 4000,GSM6736671,PAIRED,cDNA,TRANSCRIPTOMIC,Fragilariopsis cylindrus,ILLUMINA,2023-02-14T00:00:00Z,2022-11-17T14:11:00Z,1,GSM6736671,Cell culture,SRP408446,Cell culture,2 months in darkness
SRR22322205,RNA-Seq,300,4068925200,PRJNA902753,SAMN31773353,1583380065,CCMP3323,"PLANT AND ALGAL GENOMICS LAB, INSTITUT DE BIOLOGIE, ÉCOLE NORMALE SUPÉRIEURE",public,"fastq,run.zq,sra","gs,ncbi,s3","gs.us-east1,ncbi.public,s3.us-east-1",SRX18295364,Illumina HiSeq 4000,GSM6736670,PAIRED,cDNA,TRANSCRIPTOMIC,Fragilariopsis cylindrus,ILLUMINA,2023-02-14T00:00:00Z,2022-11-17T14:09:00Z,1,GSM6736670,Cell culture,SRP408446,Cell culture,2 months in darkness
SRR22322206,RNA-Seq,300,4238595900,PRJNA902753,SAMN31773354,1652372156,CCMP3323,"PLANT AND ALGAL GENOMICS LAB, INSTITUT DE BIOLOGIE, ÉCOLE NORMALE SUPÉRIEURE",public,"fastq,run.zq,sra","gs,ncbi,s3","gs.us-east1,ncbi.public,s3.us-east-1",SRX18295363,Illumina HiSeq 4000,GSM6736669,PAIRED,cDNA,TRANSCRIPTOMIC,Fragilariopsis cylindrus,ILLUMINA,2023-02-14T00:00:00Z,2022-11-17T14:03:00Z,1,GSM6736669,Cell culture,SRP408446,Cell culture,2 months in darkness
SRR22322208,RNA-Seq,300,4434960000,PRJNA902753,SAMN31773356,1757952691,CCMP3323,"PLANT AND ALGAL GENOMICS LAB, INSTITUT DE BIOLOGIE, ÉCOLE NORMALE SUPÉRIEURE",public,"fastq,run.zq,sra","gs,ncbi,s3","gs.us-east1,ncbi.public,s3.us-east-1",SRX18295361,Illumina HiSeq 4000,GSM6736667,PAIRED,cDNA,TRANSCRIPTOMIC,Fragilariopsis cylindrus,ILLUMINA,2023-02-14T00:00:00Z,2022-11-17T14:14:00Z,1,GSM6736667,Cell culture,SRP408446,Cell culture,1 month in darkness
SRR22322209,RNA-Seq,300,10143211200,PRJNA902753,SAMN31773357,3876737008,CCMP3323,"PLANT AND ALGAL GENOMICS LAB, INSTITUT DE BIOLOGIE, ÉCOLE NORMALE SUPÉRIEURE",public,"fastq,run.zq,sra","gs,ncbi,s3","gs.us-east1,ncbi.public,s3.us-east-1",SRX18295360,Illumina HiSeq 4000,GSM6736666,PAIRED,cDNA,TRANSCRIPTOMIC,Fragilariopsis cylindrus,ILLUMINA,2023-02-14T00:00:00Z,2022-11-17T14:52:00Z,1,GSM6736666,Cell culture,SRP408446,Cell culture,1 month in darkness
SRR22322210,RNA-Seq,300,3928214700,PRJNA902753,SAMN31773358,1604737541,CCMP3323,"PLANT AND ALGAL GENOMICS LAB, INSTITUT DE BIOLOGIE, ÉCOLE NORMALE SUPÉRIEURE",public,"fastq,run.zq,sra","gs,ncbi,s3","gs.us-east1,ncbi.public,s3.us-east-1",SRX18295359,Illumina HiSeq 4000,GSM6736665,PAIRED,cDNA,TRANSCRIPTOMIC,Fragilariopsis cylindrus,ILLUMINA,2023-02-14T00:00:00Z,2022-11-17T14:10:00Z,1,GSM6736665,Cell culture,SRP408446,Cell culture,6 days of darkness
SRR22322211,RNA-Seq,300,3818478900,PRJNA902753,SAMN31773359,1485101417,CCMP3323,"PLANT AND ALGAL GENOMICS LAB, INSTITUT DE BIOLOGIE, ÉCOLE NORMALE SUPÉRIEURE",public,"fastq,run.zq,sra","gs,ncbi,s3","gs.us-east1,ncbi.public,s3.us-east-1",SRX18295358,Illumina HiSeq 4000,GSM6736664,PAIRED,cDNA,TRANSCRIPTOMIC,Fragilariopsis cylindrus,ILLUMINA,2023-02-14T00:00:00Z,2022-11-17T14:07:00Z,1,GSM6736664,Cell culture,SRP408446,Cell culture,6 days of darkness
SRR22322212,RNA-Seq,300,5472428100,PRJNA902753,SAMN31773360,2075704379,CCMP3323,"PLANT AND ALGAL GENOMICS LAB, INSTITUT DE BIOLOGIE, ÉCOLE NORMALE SUPÉRIEURE",public,"fastq,run.zq,sra","gs,ncbi,s3","gs.us-east1,ncbi.public,s3.us-east-1",SRX18295357,Illumina HiSeq 4000,GSM6736663,PAIRED,cDNA,TRANSCRIPTOMIC,Fragilariopsis cylindrus,ILLUMINA,2023-02-14T00:00:00Z,2022-11-17T14:22:00Z,1,GSM6736663,Cell culture,SRP408446,Cell culture,6 days of darkness
SRR22322156,RNA-Seq,300,8909752200,PRJNA902753,SAMN31773325,3361123006,CCMP3323,"PLANT AND ALGAL GENOMICS LAB, INSTITUT DE BIOLOGIE, ÉCOLE NORMALE SUPÉRIEURE",public,"fastq,run.zq,sra","gs,ncbi,s3","gs.us-east1,ncbi.public,s3.us-east-1",SRX18295413,Illumina HiSeq 4000,GSM6736698,PAIRED,cDNA,TRANSCRIPTOMIC,Fragilariopsis cylindrus,ILLUMINA,2023-02-14T00:00:00Z,2022-11-17T14:43:00Z,1,GSM6736698,Cell culture,SRP408446,Cell culture,5 days after the light return
SRR22322160,RNA-Seq,300,5458722000,PRJNA902753,SAMN31773329,2100973650,CCMP3323,"PLANT AND ALGAL GENOMICS LAB, INSTITUT DE BIOLOGIE, ÉCOLE NORMALE SUPÉRIEURE",public,"fastq,run.zq,sra","gs,ncbi,s3","gs.us-east1,ncbi.public,s3.us-east-1",SRX18295409,Illumina HiSeq 4000,GSM6736694,PAIRED,cDNA,TRANSCRIPTOMIC,Fragilariopsis cylindrus,ILLUMINA,2023-02-14T00:00:00Z,2022-11-17T14:19:00Z,1,GSM6736694,Cell culture,SRP408446,Cell culture,3 days after the light return
SRR22322161,RNA-Seq,300,3962034900,PRJNA902753,SAMN31773330,1530528883,CCMP3323,"PLANT AND ALGAL GENOMICS LAB, INSTITUT DE BIOLOGIE, ÉCOLE NORMALE SUPÉRIEURE",public,"fastq,run.zq,sra","gs,ncbi,s3","gs.us-east1,ncbi.public,s3.us-east-1",SRX18295408,Illumina HiSeq 4000,GSM6736693,PAIRED,cDNA,TRANSCRIPTOMIC,Fragilariopsis cylindrus,ILLUMINA,2023-02-14T00:00:00Z,2022-11-17T14:09:00Z,1,GSM6736693,Cell culture,SRP408446,Cell culture,3 days after the light return
SRR22322162,RNA-Seq,300,4551947400,PRJNA902753,SAMN31773331,1773375394,CCMP3323,"PLANT AND ALGAL GENOMICS LAB, INSTITUT DE BIOLOGIE, ÉCOLE NORMALE SUPÉRIEURE",public,"fastq,run.zq,sra","gs,ncbi,s3","gs.us-east1,ncbi.public,s3.us-east-1",SRX18295407,Illumina HiSeq 4000,GSM6736692,PAIRED,cDNA,TRANSCRIPTOMIC,Fragilariopsis cylindrus,ILLUMINA,2023-02-14T00:00:00Z,2022-11-17T14:08:00Z,1,GSM6736692,Cell culture,SRP408446,Cell culture,2 days after the light return
SRR22322163,RNA-Seq,300,4527994500,PRJNA902753,SAMN31773332,1757673209,CCMP3323,"PLANT AND ALGAL GENOMICS LAB, INSTITUT DE BIOLOGIE, ÉCOLE NORMALE SUPÉRIEURE",public,"fastq,run.zq,sra","gs,ncbi,s3","gs.us-east1,ncbi.public,s3.us-east-1",SRX18295406,Illumina HiSeq 4000,GSM6736691,PAIRED,cDNA,TRANSCRIPTOMIC,Fragilariopsis cylindrus,ILLUMINA,2023-02-14T00:00:00Z,2022-11-17T14:11:00Z,1,GSM6736691,Cell culture,SRP408446,Cell culture,2 days after the light return
SRR22322164,RNA-Seq,300,4158307800,PRJNA902753,SAMN31773333,1573580620,CCMP3323,"PLANT AND ALGAL GENOMICS LAB, INSTITUT DE BIOLOGIE, ÉCOLE NORMALE SUPÉRIEURE",public,"fastq,run.zq,sra","gs,ncbi,s3","gs.us-east1,ncbi.public,s3.us-east-1",SRX18295405,Illumina HiSeq 4000,GSM6736690,PAIRED,cDNA,TRANSCRIPTOMIC,Fragilariopsis cylindrus,ILLUMINA,2023-02-14T00:00:00Z,2022-11-17T14:10:00Z,1,GSM6736690,Cell culture,SRP408446,Cell culture,2 days after the light return
SRR22322165,RNA-Seq,300,5258973900,PRJNA902753,SAMN31773334,2063018523,CCMP3323,"PLANT AND ALGAL GENOMICS LAB, INSTITUT DE BIOLOGIE, ÉCOLE NORMALE SUPÉRIEURE",public,"fastq,run.zq,sra","gs,ncbi,s3","gs.us-east1,ncbi.public,s3.us-east-1",SRX18295404,Illumina HiSeq 4000,GSM6736689,PAIRED,cDNA,TRANSCRIPTOMIC,Fragilariopsis cylindrus,ILLUMINA,2023-02-14T00:00:00Z,2022-11-17T14:17:00Z,1,GSM6736689,Cell culture,SRP408446,Cell culture,1 day after the light return
SRR22322166,RNA-Seq,300,2972753400,PRJNA902753,SAMN31773335,1112793067,CCMP3323,"PLANT AND ALGAL GENOMICS LAB, INSTITUT DE BIOLOGIE, ÉCOLE NORMALE SUPÉRIEURE",public,"fastq,run.zq,sra","gs,ncbi,s3","gs.us-east1,ncbi.public,s3.us-east-1",SRX18295403,Illumina HiSeq 4000,GSM6736688,PAIRED,cDNA,TRANSCRIPTOMIC,Fragilariopsis cylindrus,ILLUMINA,2023-02-14T00:00:00Z,2022-11-17T14:01:00Z,1,GSM6736688,Cell culture,SRP408446,Cell culture,1 day after the light return
SRR22322169,RNA-Seq,300,9755595300,PRJNA902753,SAMN31773338,3749815117,CCMP3323,"PLANT AND ALGAL GENOMICS LAB, INSTITUT DE BIOLOGIE, ÉCOLE NORMALE SUPÉRIEURE",public,"fastq,run.zq,sra","gs,ncbi,s3","gs.us-east1,ncbi.public,s3.us-east-1",SRX18295400,Illumina HiSeq 4000,GSM6736685,PAIRED,cDNA,TRANSCRIPTOMIC,Fragilariopsis cylindrus,ILLUMINA,2023-02-14T00:00:00Z,2022-11-17T14:52:00Z,1,GSM6736685,Cell culture,SRP408446,Cell culture,12h after the light return
SRR22322170,RNA-Seq,300,4640463900,PRJNA902753,SAMN31773339,1765877702,CCMP3323,"PLANT AND ALGAL GENOMICS LAB, INSTITUT DE BIOLOGIE, ÉCOLE NORMALE SUPÉRIEURE",public,"fastq,run.zq,sra","gs,ncbi,s3","gs.us-east1,ncbi.public,s3.us-east-1",SRX18295399,Illumina HiSeq 4000,GSM6736684,PAIRED,cDNA,TRANSCRIPTOMIC,Fragilariopsis cylindrus,ILLUMINA,2023-02-14T00:00:00Z,2022-11-17T14:13:00Z,1,GSM6736684,Cell culture,SRP408446,Cell culture,12h after the light return
SRR22322171,RNA-Seq,300,4495595400,PRJNA902753,SAMN31773340,1726153559,CCMP3323,"PLANT AND ALGAL GENOMICS LAB, INSTITUT DE BIOLOGIE, ÉCOLE NORMALE SUPÉRIEURE",public,"fastq,run.zq,sra","gs,ncbi,s3","gs.us-east1,ncbi.public,s3.us-east-1",SRX18295398,Illumina HiSeq 4000,GSM6736683,PAIRED,cDNA,TRANSCRIPTOMIC,Fragilariopsis cylindrus,ILLUMINA,2023-02-14T00:00:00Z,2022-11-17T14:13:00Z,1,GSM6736683,Cell culture,SRP408446,Cell culture,6h after the light return
SRR22322174,RNA-Seq,300,5286658200,PRJNA902753,SAMN31773343,2034250774,CCMP3323,"PLANT AND ALGAL GENOMICS LAB, INSTITUT DE BIOLOGIE, ÉCOLE NORMALE SUPÉRIEURE",public,"fastq,run.zq,sra","gs,ncbi,s3","gs.us-east1,ncbi.public,s3.us-east-1",SRX18295395,Illumina HiSeq 4000,GSM6736680,PAIRED,cDNA,TRANSCRIPTOMIC,Fragilariopsis cylindrus,ILLUMINA,2023-02-14T00:00:00Z,2022-11-17T14:19:00Z,1,GSM6736680,Cell culture,SRP408446,Cell culture,2h after the light return
SRR22322175,RNA-Seq,300,4879905900,PRJNA902753,SAMN31773344,1932693885,CCMP3323,"PLANT AND ALGAL GENOMICS LAB, INSTITUT DE BIOLOGIE, ÉCOLE NORMALE SUPÉRIEURE",public,"fastq,run.zq,sra","gs,ncbi,s3","gs.us-east1,ncbi.public,s3.us-east-1",SRX18295394,Illumina HiSeq 4000,GSM6736679,PAIRED,cDNA,TRANSCRIPTOMIC,Fragilariopsis cylindrus,ILLUMINA,2023-02-14T00:00:00Z,2022-11-17T14:21:00Z,1,GSM6736679,Cell culture,SRP408446,Cell culture,2h after the light return
SRR22322178,RNA-Seq,300,8184397500,PRJNA902753,SAMN31773347,3154361027,CCMP3323,"PLANT AND ALGAL GENOMICS LAB, INSTITUT DE BIOLOGIE, ÉCOLE NORMALE SUPÉRIEURE",public,"fastq,run.zq,sra","gs,ncbi,s3","gs.us-east1,ncbi.public,s3.us-east-1",SRX18295391,Illumina HiSeq 4000,GSM6736676,PAIRED,cDNA,TRANSCRIPTOMIC,Fragilariopsis cylindrus,ILLUMINA,2023-02-14T00:00:00Z,2022-11-17T14:37:00Z,1,GSM6736676,Cell culture,SRP408446,Cell culture,30 min after the light return
SRR22322181,RNA-Seq,300,3015620100,PRJNA902753,SAMN31773305,1177455267,CCMP3323,"PLANT AND ALGAL GENOMICS LAB, INSTITUT DE BIOLOGIE, ÉCOLE NORMALE SUPÉRIEURE",public,"fastq,run.zq,sra","gs,ncbi,s3","gs.us-east1,ncbi.public,s3.us-east-1",SRX18295388,Illumina HiSeq 4000,GSM6736718,PAIRED,cDNA,TRANSCRIPTOMIC,Fragilariopsis cylindrus,ILLUMINA,2023-02-14T00:00:00Z,2022-11-17T14:02:00Z,1,GSM6736718,Cell culture,SRP408446,Cell culture,Acclimated to full light
SRR22322182,RNA-Seq,300,2441801400,PRJNA902753,SAMN31773306,961679582,CCMP3323,"PLANT AND ALGAL GENOMICS LAB, INSTITUT DE BIOLOGIE, ÉCOLE NORMALE SUPÉRIEURE",public,"fastq,run.zq,sra","gs,ncbi,s3","gs.us-east1,ncbi.public,s3.us-east-1",SRX18295387,Illumina HiSeq 4000,GSM6736717,PAIRED,cDNA,TRANSCRIPTOMIC,Fragilariopsis cylindrus,ILLUMINA,2023-02-14T00:00:00Z,2022-11-17T13:45:00Z,1,GSM6736717,Cell culture,SRP408446,Cell culture,Acclimated to full light
SRR22322183,RNA-Seq,300,11033479500,PRJNA902753,SAMN31773307,4308616443,CCMP3323,"PLANT AND ALGAL GENOMICS LAB, INSTITUT DE BIOLOGIE, ÉCOLE NORMALE SUPÉRIEURE",public,"fastq,run.zq,sra","gs,ncbi,s3","gs.us-east1,ncbi.public,s3.us-east-1",SRX18295386,Illumina HiSeq 4000,GSM6736716,PAIRED,cDNA,TRANSCRIPTOMIC,Fragilariopsis cylindrus,ILLUMINA,2023-02-14T00:00:00Z,2022-11-17T14:20:00Z,1,GSM6736716,Cell culture,SRP408446,Cell culture,7 days after the light return
SRR22322184,RNA-Seq,300,8588874900,PRJNA902753,SAMN31773308,3455036483,CCMP3323,"PLANT AND ALGAL GENOMICS LAB, INSTITUT DE BIOLOGIE, ÉCOLE NORMALE SUPÉRIEURE",public,"fastq,run.zq,sra","gs,ncbi,s3","gs.us-east1,ncbi.public,s3.us-east-1",SRX18295385,Illumina HiSeq 4000,GSM6736715,PAIRED,cDNA,TRANSCRIPTOMIC,Fragilariopsis cylindrus,ILLUMINA,2023-02-14T00:00:00Z,2022-11-17T13:54:00Z,1,GSM6736715,Cell culture,SRP408446,Cell culture,7 days after the light return
SRR22322185,RNA-Seq,300,3136199400,PRJNA902753,SAMN31773309,1232608898,CCMP3323,"PLANT AND ALGAL GENOMICS LAB, INSTITUT DE BIOLOGIE, ÉCOLE NORMALE SUPÉRIEURE",public,"fastq,run.zq,sra","gs,ncbi,s3","gs.us-east1,ncbi.public,s3.us-east-1",SRX18295384,Illumina HiSeq 4000,GSM6736714,PAIRED,cDNA,TRANSCRIPTOMIC,Fragilariopsis cylindrus,ILLUMINA,2023-02-14T00:00:00Z,2022-11-17T13:52:00Z,1,GSM6736714,Cell culture,SRP408446,Cell culture,7 days after the light return
SRR22322188,RNA-Seq,300,3322877100,PRJNA902753,SAMN31773312,1293955324,CCMP3323,"PLANT AND ALGAL GENOMICS LAB, INSTITUT DE BIOLOGIE, ÉCOLE NORMALE SUPÉRIEURE",public,"fastq,run.zq,sra","gs,ncbi,s3","gs.us-east1,ncbi.public,s3.us-east-1",SRX18295381,Illumina HiSeq 4000,GSM6736711,PAIRED,cDNA,TRANSCRIPTOMIC,Fragilariopsis cylindrus,ILLUMINA,2023-02-14T00:00:00Z,2022-11-17T13:46:00Z,1,GSM6736711,Cell culture,SRP408446,Cell culture,1 day after the light return
SRR22322193,RNA-Seq,300,2822106300,PRJNA902753,SAMN31773317,1083253737,CCMP3323,"PLANT AND ALGAL GENOMICS LAB, INSTITUT DE BIOLOGIE, ÉCOLE NORMALE SUPÉRIEURE",public,"fastq,run.zq,sra","gs,ncbi,s3","gs.us-east1,ncbi.public,s3.us-east-1",SRX18295376,Illumina HiSeq 4000,GSM6736706,PAIRED,cDNA,TRANSCRIPTOMIC,Fragilariopsis cylindrus,ILLUMINA,2023-02-14T00:00:00Z,2022-11-17T13:44:00Z,1,GSM6736706,Cell culture,SRP408446,Cell culture,30 min after the light return
SRR22322207,RNA-Seq,300,4309405800,PRJNA902753,SAMN31773355,1680808564,CCMP3323,"PLANT AND ALGAL GENOMICS LAB, INSTITUT DE BIOLOGIE, ÉCOLE NORMALE SUPÉRIEURE",public,"fastq,run.zq,sra","gs,ncbi,s3","gs.us-east1,ncbi.public,s3.us-east-1",SRX18295362,Illumina HiSeq 4000,GSM6736668,PAIRED,cDNA,TRANSCRIPTOMIC,Fragilariopsis cylindrus,ILLUMINA,2023-02-14T00:00:00Z,2022-11-17T14:15:00Z,1,GSM6736668,Cell culture,SRP408446,Cell culture,1 month in darkness
SRR22322213,RNA-Seq,300,4129999800,PRJNA902753,SAMN31773361,1593184054,CCMP3323,"PLANT AND ALGAL GENOMICS LAB, INSTITUT DE BIOLOGIE, ÉCOLE NORMALE SUPÉRIEURE",public,"fastq,run.zq,sra","gs,ncbi,s3","gs.us-east1,ncbi.public,s3.us-east-1",SRX18295356,Illumina HiSeq 4000,GSM6736662,PAIRED,cDNA,TRANSCRIPTOMIC,Fragilariopsis cylindrus,ILLUMINA,2023-02-14T00:00:00Z,2022-11-17T14:10:00Z,1,GSM6736662,Cell culture,SRP408446,Cell culture,3 days of darkness
SRR22322214,RNA-Seq,300,4571215200,PRJNA902753,SAMN31773362,1776375294,CCMP3323,"PLANT AND ALGAL GENOMICS LAB, INSTITUT DE BIOLOGIE, ÉCOLE NORMALE SUPÉRIEURE",public,"fastq,run.zq,sra","gs,ncbi,s3","gs.us-east1,ncbi.public,s3.us-east-1",SRX18295355,Illumina HiSeq 4000,GSM6736661,PAIRED,cDNA,TRANSCRIPTOMIC,Fragilariopsis cylindrus,ILLUMINA,2023-02-14T00:00:00Z,2022-11-17T14:16:00Z,1,GSM6736661,Cell culture,SRP408446,Cell culture,3 days of darkness
SRR22322215,RNA-Seq,300,3693663900,PRJNA902753,SAMN31773363,1438618192,CCMP3323,"PLANT AND ALGAL GENOMICS LAB, INSTITUT DE BIOLOGIE, ÉCOLE NORMALE SUPÉRIEURE",public,"fastq,run.zq,sra","gs,ncbi,s3","gs.us-east1,ncbi.public,s3.us-east-1",SRX18295354,Illumina HiSeq 4000,GSM6736660,PAIRED,cDNA,TRANSCRIPTOMIC,Fragilariopsis cylindrus,ILLUMINA,2023-02-14T00:00:00Z,2022-11-17T14:07:00Z,1,GSM6736660,Cell culture,SRP408446,Cell culture,3 days of darkness
SRR22322216,RNA-Seq,300,4697426100,PRJNA902753,SAMN31773364,1820695147,CCMP3323,"PLANT AND ALGAL GENOMICS LAB, INSTITUT DE BIOLOGIE, ÉCOLE NORMALE SUPÉRIEURE",public,"fastq,run.zq,sra","gs,ncbi,s3","gs.us-east1,ncbi.public,s3.us-east-1",SRX18295353,Illumina HiSeq 4000,GSM6736659,PAIRED,cDNA,TRANSCRIPTOMIC,Fragilariopsis cylindrus,ILLUMINA,2023-02-14T00:00:00Z,2022-11-17T14:13:00Z,1,GSM6736659,Cell culture,SRP408446,Cell culture,1 day in darkness
SRR22322217,RNA-Seq,300,3993187500,PRJNA902753,SAMN31773365,1553124005,CCMP3323,"PLANT AND ALGAL GENOMICS LAB, INSTITUT DE BIOLOGIE, ÉCOLE NORMALE SUPÉRIEURE",public,"fastq,run.zq,sra","gs,ncbi,s3","gs.us-east1,ncbi.public,s3.us-east-1",SRX18295352,Illumina HiSeq 4000,GSM6736658,PAIRED,cDNA,TRANSCRIPTOMIC,Fragilariopsis cylindrus,ILLUMINA,2023-02-14T00:00:00Z,2022-11-17T14:08:00Z,1,GSM6736658,Cell culture,SRP408446,Cell culture,1 day in darkness
SRR22322218,RNA-Seq,300,4628356800,PRJNA902753,SAMN31773366,1805172575,CCMP3323,"PLANT AND ALGAL GENOMICS LAB, INSTITUT DE BIOLOGIE, ÉCOLE NORMALE SUPÉRIEURE",public,"fastq,run.zq,sra","gs,ncbi,s3","gs.us-east1,ncbi.public,s3.us-east-1",SRX18295351,Illumina HiSeq 4000,GSM6736657,PAIRED,cDNA,TRANSCRIPTOMIC,Fragilariopsis cylindrus,ILLUMINA,2023-02-14T00:00:00Z,2022-11-17T14:12:00Z,1,GSM6736657,Cell culture,SRP408446,Cell culture,1 day in darkness
SRR22322219,RNA-Seq,300,3320992800,PRJNA902753,SAMN31773367,1285624104,CCMP3323,"PLANT AND ALGAL GENOMICS LAB, INSTITUT DE BIOLOGIE, ÉCOLE NORMALE SUPÉRIEURE",public,"fastq,run.zq,sra","gs,ncbi,s3","gs.us-east1,ncbi.public,s3.us-east-1",SRX18295350,Illumina HiSeq 4000,GSM6736656,PAIRED,cDNA,TRANSCRIPTOMIC,Fragilariopsis cylindrus,ILLUMINA,2023-02-14T00:00:00Z,2022-11-17T14:05:00Z,1,GSM6736656,Cell culture,SRP408446,Cell culture,6h of darkness
SRR22322220,RNA-Seq,300,3298390500,PRJNA902753,SAMN31773368,1296713342,CCMP3323,"PLANT AND ALGAL GENOMICS LAB, INSTITUT DE BIOLOGIE, ÉCOLE NORMALE SUPÉRIEURE",public,"fastq,run.zq,sra","gs,ncbi,s3","gs.us-east1,ncbi.public,s3.us-east-1",SRX18295349,Illumina HiSeq 4000,GSM6736655,PAIRED,cDNA,TRANSCRIPTOMIC,Fragilariopsis cylindrus,ILLUMINA,2023-02-14T00:00:00Z,2022-11-17T14:04:00Z,1,GSM6736655,Cell culture,SRP408446,Cell culture,6h of darkness
SRR22322221,RNA-Seq,300,3808555800,PRJNA902753,SAMN31773369,1465192143,CCMP3323,"PLANT AND ALGAL GENOMICS LAB, INSTITUT DE BIOLOGIE, ÉCOLE NORMALE SUPÉRIEURE",public,"fastq,run.zq,sra","gs,ncbi,s3","gs.us-east1,ncbi.public,s3.us-east-1",SRX18295348,Illumina HiSeq 4000,GSM6736654,PAIRED,cDNA,TRANSCRIPTOMIC,Fragilariopsis cylindrus,ILLUMINA,2023-02-14T00:00:00Z,2022-11-17T14:15:00Z,1,GSM6736654,Cell culture,SRP408446,Cell culture,6h of darkness
SRR22322222,RNA-Seq,300,3377281800,PRJNA902753,SAMN31773370,1323971608,CCMP3323,"PLANT AND ALGAL GENOMICS LAB, INSTITUT DE BIOLOGIE, ÉCOLE NORMALE SUPÉRIEURE",public,"fastq,run.zq,sra","gs,ncbi,s3","gs.us-east1,ncbi.public,s3.us-east-1",SRX18295347,Illumina HiSeq 4000,GSM6736653,PAIRED,cDNA,TRANSCRIPTOMIC,Fragilariopsis cylindrus,ILLUMINA,2023-02-14T00:00:00Z,2022-11-17T14:04:00Z,1,GSM6736653,Cell culture,SRP408446,Cell culture,Acclimated to full light
SRR22322223,RNA-Seq,300,4467500400,PRJNA902753,SAMN31773371,1845003885,CCMP3323,"PLANT AND ALGAL GENOMICS LAB, INSTITUT DE BIOLOGIE, ÉCOLE NORMALE SUPÉRIEURE",public,"fastq,run.zq,sra","gs,ncbi,s3","gs.us-east1,ncbi.public,s3.us-east-1",SRX18295346,Illumina HiSeq 4000,GSM6736652,PAIRED,cDNA,TRANSCRIPTOMIC,Fragilariopsis cylindrus,ILLUMINA,2023-02-14T00:00:00Z,2022-11-17T14:13:00Z,1,GSM6736652,Cell culture,SRP408446,Cell culture,Acclimated to full light
SRR22322224,RNA-Seq,300,4140780900,PRJNA902753,SAMN31773372,1624581265,CCMP3323,"PLANT AND ALGAL GENOMICS LAB, INSTITUT DE BIOLOGIE, ÉCOLE NORMALE SUPÉRIEURE",public,"fastq,run.zq,sra","gs,ncbi,s3","gs.us-east1,ncbi.public,s3.us-east-1",SRX18295345,Illumina HiSeq 4000,GSM6736651,PAIRED,cDNA,TRANSCRIPTOMIC,Fragilariopsis cylindrus,ILLUMINA,2023-02-14T00:00:00Z,2022-11-17T14:05:00Z,1,GSM6736651,Cell culture,SRP408446,Cell culture,Acclimated to full light
